10.1,2020년 1월 8일 수요일
10.2,2020년 1월 23일 목요일
10.3,2020년 2월 5일 수요일
10.4,2020년 2월 20일 목요일
10.5,2020년 3월 4일 수요일
10.6,2020년 3월 18일 수요일
10.7,2020년 4월 1일 수요일
10.8,2020년 4월 15일 수요일
10.9,2020년 4월 29일 수요일
10.10,2020년 5월 13일 수요일
10.11,2020년 5월 28일 목요일
10.12,2020년 6월 10일 수요일
10.13,2020년 6월 24일 수요일
10.14,2020년 7월 8일 수요일
10.15,2020년 7월 22일 수요일
10.16,2020년 8월 5일 수요일
10.17,2020년 8월 19일 수요일
10.18,2020년 9월 2일 수요일
10.19,2020년 9월 16일 수요일
10.20,2020년 9월 30일 수요일
10.21,2020년 10월 14일 수요일
10.22,2020년 10월 28일 수요일
10.23,2020년 11월 11일 수요일
10.24,2020년 11월 24일 화요일
10.25,2020년 12월 9일 수요일
